{"annotatable":{"parts":["s1p1","s1p2","s1p3","s1p4","s1p5","s1p6","s1p7","s1p8","s1p9","s1p10","s1p11","s1p12","s1p13","s1p14","s1p15"]},"anncomplete":true,"sources":[],"metas":{},"entities":[{"classId":"e_6","part":"s1p2","offsets":[{"start":0,"text":"قوات الأمن الأفغانية"}],"coordinates":[],"confidence":{"state":"pre-added","who":["user:AhmedSS"],"prob":1},"fields":{},"normalizations":{}},{"classId":"e_2","part":"s1p2","offsets":[{"start":21,"text":"تحبط"}],"coordinates":[],"confidence":{"state":"pre-added","who":["user:AhmedSS"],"prob":1},"fields":{},"normalizations":{}},{"classId":"e_2","part":"s1p2","offsets":[{"start":33,"text":"لتفجير"}],"coordinates":[],"confidence":{"state":"pre-added","who":["user:AhmedSS"],"prob":1},"fields":{},"normalizations":{}},{"classId":"e_1","part":"s1p2","offsets":[{"start":40,"text":"مسجد"}],"coordinates":[],"confidence":{"state":"pre-added","who":["user:AhmedSS"],"prob":1},"fields":{},"normalizations":{}},{"classId":"e_2","part":"s1p8","offsets":[{"start":0,"text":"أحبطت"}],"coordinates":[],"confidence":{"state":"pre-added","who":["user:AhmedSS"],"prob":1},"fields":{},"normalizations":{}},{"classId":"e_6","part":"s1p8","offsets":[{"start":6,"text":"قوات الأمن الأفغانية"}],"coordinates":[],"confidence":{"state":"pre-added","who":["ml:regex"],"prob":0},"fields":{},"normalizations":{}},{"classId":"e_2","part":"s1p8","offsets":[{"start":34,"text":"لتفجير"}],"coordinates":[],"confidence":{"state":"pre-added","who":["ml:regex","user:AhmedSS"],"prob":1},"fields":{},"normalizations":{}},{"classId":"e_1","part":"s1p8","offsets":[{"start":58,"text":"مسجد"}],"coordinates":[],"confidence":{"state":"pre-added","who":["ml:regex","user:AhmedSS"],"prob":1},"fields":{},"normalizations":{}},{"classId":"e_5","part":"s1p8","offsets":[{"start":84,"text":"ساري بول"}],"coordinates":[],"confidence":{"state":"pre-added","who":["user:AhmedSS"],"prob":1},"fields":{},"normalizations":{}}],"relations":[{"classId":"r_7","type":"linked","directed":false,"entities":["s1p2|e_6|0,19","s1p2|e_2|21,24"],"confidence":{"state":"pre-added","who":["user:AhmedSS"],"prob":1}},{"classId":"r_7","type":"linked","directed":false,"entities":["s1p8|e_2|0,4","s1p8|e_6|6,25"],"confidence":{"state":"pre-added","who":["user:AhmedSS"],"prob":1}},{"classId":"r_8","type":"linked","directed":false,"entities":["s1p2|e_1|40,43","s1p2|e_2|33,38"],"confidence":{"state":"pre-added","who":["user:AhmedSS"],"prob":1}},{"classId":"r_8","type":"linked","directed":false,"entities":["s1p8|e_1|58,61","s1p8|e_2|34,39"],"confidence":{"state":"pre-added","who":["user:AhmedSS"],"prob":1}}]}