{"annotatable":{"parts":["s1p1","s1p2","s1p3","s1p4","s1p5","s1p6","s1p7","s1p8","s1p9","s1p10","s1p11","s1p12","s1p13","s1p14","s1p15","s1p16","s1p17","s1p18","s1p19","s1p20","s1p21","s1p22"]},"anncomplete":true,"sources":[],"metas":{},"entities":[{"classId":"e_1","part":"s1p2","offsets":[{"start":7,"text":"أشخاص"}],"coordinates":[],"confidence":{"state":"pre-added","who":["user:AhmedSS"],"prob":1},"fields":{},"normalizations":{}},{"classId":"e_2","part":"s1p2","offsets":[{"start":16,"text":"هجومين"}],"coordinates":[],"confidence":{"state":"pre-added","who":["user:AhmedSS"],"prob":1},"fields":{},"normalizations":{}},{"classId":"e_6","part":"s1p2","offsets":[{"start":37,"text":"طالبان"}],"coordinates":[],"confidence":{"state":"pre-added","who":["user:AhmedSS"],"prob":1},"fields":{},"normalizations":{}},{"classId":"e_1","part":"s1p10","offsets":[{"start":19,"text":"أشخاص"}],"coordinates":[],"confidence":{"state":"pre-added","who":["ml:regex"],"prob":0},"fields":{},"normalizations":{}},{"classId":"e_1","part":"s1p10","offsets":[{"start":36,"text":"رجال الشرطة"}],"coordinates":[],"confidence":{"state":"pre-added","who":["user:AhmedSS"],"prob":1},"fields":{},"normalizations":{}},{"classId":"e_2","part":"s1p10","offsets":[{"start":58,"text":"هجومين"}],"coordinates":[],"confidence":{"state":"pre-added","who":["ml:regex","user:AhmedSS"],"prob":1},"fields":{},"normalizations":{}},{"classId":"e_6","part":"s1p10","offsets":[{"start":100,"text":"طالبان"}],"coordinates":[],"confidence":{"state":"pre-added","who":["ml:regex","user:AhmedSS"],"prob":1},"fields":{},"normalizations":{}},{"classId":"e_5","part":"s1p10","offsets":[{"start":119,"text":"نانغارهار"}],"coordinates":[],"confidence":{"state":"pre-added","who":["user:AhmedSS"],"prob":1},"fields":{},"normalizations":{}},{"classId":"e_5","part":"s1p10","offsets":[{"start":132,"text":"هلمند"}],"coordinates":[],"confidence":{"state":"pre-added","who":["user:AhmedSS"],"prob":1},"fields":{},"normalizations":{}},{"classId":"e_5","part":"s1p11","offsets":[{"start":52,"text":"نانغارهار"}],"coordinates":[],"confidence":{"state":"pre-added","who":["ml:regex"],"prob":0},"fields":{},"normalizations":{}},{"classId":"e_1","part":"s1p11","offsets":[{"start":100,"text":"أشخاص"}],"coordinates":[],"confidence":{"state":"pre-added","who":["ml:regex"],"prob":0},"fields":{},"normalizations":{}},{"classId":"e_1","part":"s1p11","offsets":[{"start":114,"text":"مدنيين"}],"coordinates":[],"confidence":{"state":"pre-added","who":["user:AhmedSS"],"prob":1},"fields":{},"normalizations":{}},{"classId":"e_1","part":"s1p11","offsets":[{"start":122,"text":"شرطي"}],"coordinates":[],"confidence":{"state":"pre-added","who":["user:AhmedSS"],"prob":1},"fields":{},"normalizations":{}},{"classId":"e_2","part":"s1p11","offsets":[{"start":127,"text":"قتلوا"}],"coordinates":[],"confidence":{"state":"pre-added","who":["user:AhmedSS"],"prob":1},"fields":{},"normalizations":{}},{"classId":"e_3","part":"s1p11","offsets":[{"start":183,"text":"باتي كوت"}],"coordinates":[],"confidence":{"state":"pre-added","who":["user:AhmedSS"],"prob":1},"fields":{},"normalizations":{}},{"classId":"e_2","part":"s1p12","offsets":[{"start":91,"text":"مقتل"}],"coordinates":[],"confidence":{"state":"pre-added","who":["user:AhmedSS"],"prob":1},"fields":{},"normalizations":{}},{"classId":"e_1","part":"s1p12","offsets":[{"start":98,"text":"أشخاص"}],"coordinates":[],"confidence":{"state":"pre-added","who":["ml:regex"],"prob":0},"fields":{},"normalizations":{}},{"classId":"e_5","part":"s1p13","offsets":[{"start":10,"text":"هلمند"}],"coordinates":[],"confidence":{"state":"pre-added","who":["ml:regex"],"prob":0},"fields":{},"normalizations":{}},{"classId":"e_2","part":"s1p13","offsets":[{"start":16,"text":"قتل"}],"coordinates":[],"confidence":{"state":"pre-added","who":["user:AhmedSS"],"prob":1},"fields":{},"normalizations":{}},{"classId":"e_1","part":"s1p13","offsets":[{"start":25,"text":"رجال الشرطة"}],"coordinates":[],"confidence":{"state":"pre-added","who":["ml:regex"],"prob":0},"fields":{},"normalizations":{}},{"classId":"e_3","part":"s1p13","offsets":[{"start":59,"text":"سانجين"}],"coordinates":[],"confidence":{"state":"pre-added","who":["user:AhmedSS"],"prob":1},"fields":{},"normalizations":{}},{"classId":"e_2","part":"s1p13","offsets":[{"start":117,"text":"مقتل"}],"coordinates":[],"confidence":{"state":"pre-added","who":["ml:regex","user:AhmedSS"],"prob":1},"fields":{},"normalizations":{}},{"classId":"e_6","part":"s1p13","offsets":[{"start":143,"text":"طالبان"}],"coordinates":[],"confidence":{"state":"pre-added","who":["ml:regex"],"prob":0},"fields":{},"normalizations":{}}],"relations":[{"classId":"r_7","type":"linked","directed":false,"entities":["s1p2|e_6|37,42","s1p2|e_2|16,21"],"confidence":{"state":"pre-added","who":["user:AhmedSS"],"prob":1}},{"classId":"r_7","type":"linked","directed":false,"entities":["s1p10|e_6|100,105","s1p10|e_2|58,63"],"confidence":{"state":"pre-added","who":["user:AhmedSS"],"prob":1}},{"classId":"r_7","type":"linked","directed":false,"entities":["s1p13|e_2|117,120","s1p13|e_6|143,148"],"confidence":{"state":"pre-added","who":["user:AhmedSS"],"prob":1}},{"classId":"r_8","type":"linked","directed":false,"entities":["s1p2|e_2|16,21","s1p2|e_1|7,11"],"confidence":{"state":"pre-added","who":["user:AhmedSS"],"prob":1}},{"classId":"r_8","type":"linked","directed":false,"entities":["s1p10|e_2|58,63","s1p10|e_1|36,46"],"confidence":{"state":"pre-added","who":["user:AhmedSS"],"prob":1}},{"classId":"r_8","type":"linked","directed":false,"entities":["s1p10|e_2|58,63","s1p10|e_1|19,23"],"confidence":{"state":"pre-added","who":["user:AhmedSS"],"prob":1}},{"classId":"r_8","type":"linked","directed":false,"entities":["s1p11|e_2|127,131","s1p11|e_1|100,104"],"confidence":{"state":"pre-added","who":["user:AhmedSS"],"prob":1}},{"classId":"r_8","type":"linked","directed":false,"entities":["s1p11|e_2|127,131","s1p11|e_1|114,119"],"confidence":{"state":"pre-added","who":["user:AhmedSS"],"prob":1}},{"classId":"r_8","type":"linked","directed":false,"entities":["s1p11|e_2|127,131","s1p11|e_1|122,125"],"confidence":{"state":"pre-added","who":["user:AhmedSS"],"prob":1}},{"classId":"r_8","type":"linked","directed":false,"entities":["s1p12|e_2|91,94","s1p12|e_1|98,102"],"confidence":{"state":"pre-added","who":["user:AhmedSS"],"prob":1}},{"classId":"r_8","type":"linked","directed":false,"entities":["s1p13|e_2|16,18","s1p13|e_1|25,35"],"confidence":{"state":"pre-added","who":["user:AhmedSS"],"prob":1}}]}