{"annotatable":{"parts":["s1p1","s1p2","s1p3","s1p4","s1p5","s1p6","s1p7","s1p8","s1p9","s1p10","s1p11","s1p12","s1p13","s1p14","s1p15","s1p16","s1p17","s1p18","s1p19","s1p20","s1p21"]},"anncomplete":true,"sources":[],"metas":{},"entities":[{"classId":"e_2","part":"s1p2","offsets":[{"start":0,"text":"مقتل"}],"coordinates":[],"confidence":{"state":"pre-added","who":["user:AhmedSS"],"prob":1},"fields":{},"normalizations":{}},{"classId":"e_1","part":"s1p2","offsets":[{"start":10,"text":"جنود"}],"coordinates":[],"confidence":{"state":"pre-added","who":["user:AhmedSS"],"prob":1},"fields":{},"normalizations":{}},{"classId":"e_2","part":"s1p2","offsets":[{"start":18,"text":"هجوم"}],"coordinates":[],"confidence":{"state":"pre-added","who":["user:AhmedSS"],"prob":1},"fields":{},"normalizations":{}},{"classId":"e_1","part":"s1p2","offsets":[{"start":27,"text":"قاعدة للجيش الافغاني"}],"coordinates":[],"confidence":{"state":"pre-added","who":["user:AhmedSS"],"prob":1},"fields":{},"normalizations":{}},{"classId":"e_2","part":"s1p8","offsets":[{"start":0,"text":"قتل"}],"coordinates":[],"confidence":{"state":"pre-added","who":["user:AhmedSS"],"prob":1},"fields":{},"normalizations":{}},{"classId":"e_1","part":"s1p8","offsets":[{"start":9,"text":"جنود أفغان"}],"coordinates":[],"confidence":{"state":"pre-added","who":["user:AhmedSS"],"prob":1},"fields":{},"normalizations":{}},{"classId":"e_5","part":"s1p8","offsets":[{"start":74,"text":"قندهار"}],"coordinates":[],"confidence":{"state":"pre-added","who":["user:AhmedSS"],"prob":1},"fields":{},"normalizations":{}},{"classId":"e_2","part":"s1p9","offsets":[{"start":7,"text":"هجوم"}],"coordinates":[],"confidence":{"state":"pre-added","who":["ml:regex"],"prob":0},"fields":{},"normalizations":{}},{"classId":"e_3","part":"s1p9","offsets":[{"start":21,"text":"شاه والي كوت"}],"coordinates":[],"confidence":{"state":"pre-added","who":["user:AhmedSS"],"prob":1},"fields":{},"normalizations":{}},{"classId":"e_2","part":"s1p9","offsets":[{"start":39,"text":"مقتل"}],"coordinates":[],"confidence":{"state":"pre-added","who":["ml:regex","user:AhmedSS"],"prob":1},"fields":{},"normalizations":{}},{"classId":"e_1","part":"s1p9","offsets":[{"start":47,"text":"شرطيا"}],"coordinates":[],"confidence":{"state":"pre-added","who":["user:AhmedSS"],"prob":1},"fields":{},"normalizations":{}},{"classId":"e_6","part":"s1p9","offsets":[{"start":67,"text":"طالبان"}],"coordinates":[],"confidence":{"state":"pre-added","who":["user:AhmedSS"],"prob":1},"fields":{},"normalizations":{}},{"classId":"e_5","part":"s1p9","offsets":[{"start":95,"text":"زابل"}],"coordinates":[],"confidence":{"state":"pre-added","who":["user:AhmedSS"],"prob":1},"fields":{},"normalizations":{}},{"classId":"e_3","part":"s1p11","offsets":[{"start":105,"text":"شاه والي كوت"}],"coordinates":[],"confidence":{"state":"pre-added","who":["user:AhmedSS"],"prob":1},"fields":{},"normalizations":{}},{"classId":"e_2","part":"s1p11","offsets":[{"start":129,"text":"استشهاد"}],"coordinates":[],"confidence":{"state":"pre-added","who":["user:AhmedSS"],"prob":1},"fields":{},"normalizations":{}},{"classId":"e_1","part":"s1p11","offsets":[{"start":142,"text":"جنود"}],"coordinates":[],"confidence":{"state":"pre-added","who":["ml:regex"],"prob":0},"fields":{},"normalizations":{}},{"classId":"e_2","part":"s1p13","offsets":[{"start":28,"text":"مقتل"}],"coordinates":[],"confidence":{"state":"pre-added","who":["ml:regex","user:AhmedSS"],"prob":1},"fields":{},"normalizations":{}},{"classId":"e_1","part":"s1p13","offsets":[{"start":56,"text":"قوات الامن"}],"coordinates":[],"confidence":{"state":"pre-added","who":["user:AhmedSS"],"prob":1},"fields":{},"normalizations":{}},{"classId":"e_6","part":"s1p13","offsets":[{"start":73,"text":"طالبان"}],"coordinates":[],"confidence":{"state":"pre-added","who":["user:AhmedSS"],"prob":1},"fields":{},"normalizations":{}},{"classId":"e_5","part":"s1p13","offsets":[{"start":89,"text":"بلخ"}],"coordinates":[],"confidence":{"state":"pre-added","who":["user:AhmedSS"],"prob":1},"fields":{},"normalizations":{}}],"relations":[{"classId":"r_7","type":"linked","directed":false,"entities":["s1p9|e_6|67,72","s1p9|e_2|39,42"],"confidence":{"state":"pre-added","who":["user:AhmedSS"],"prob":1}},{"classId":"r_7","type":"linked","directed":false,"entities":["s1p13|e_6|73,78","s1p13|e_2|28,31"],"confidence":{"state":"pre-added","who":["user:AhmedSS"],"prob":1}},{"classId":"r_8","type":"linked","directed":false,"entities":["s1p2|e_2|0,3","s1p2|e_1|10,13"],"confidence":{"state":"pre-added","who":["user:AhmedSS"],"prob":1}},{"classId":"r_8","type":"linked","directed":false,"entities":["s1p2|e_2|18,21","s1p2|e_1|27,46"],"confidence":{"state":"pre-added","who":["user:AhmedSS"],"prob":1}},{"classId":"r_8","type":"linked","directed":false,"entities":["s1p8|e_1|9,18","s1p8|e_2|0,2"],"confidence":{"state":"pre-added","who":["user:AhmedSS"],"prob":1}},{"classId":"r_8","type":"linked","directed":false,"entities":["s1p9|e_2|39,42","s1p9|e_1|47,51"],"confidence":{"state":"pre-added","who":["user:AhmedSS"],"prob":1}},{"classId":"r_8","type":"linked","directed":false,"entities":["s1p11|e_2|129,135","s1p11|e_1|142,145"],"confidence":{"state":"pre-added","who":["user:AhmedSS"],"prob":1}},{"classId":"r_8","type":"linked","directed":false,"entities":["s1p13|e_1|56,65","s1p13|e_2|28,31"],"confidence":{"state":"pre-added","who":["user:AhmedSS"],"prob":1}}]}