{"annotatable":{"parts":["s1p1","s1p2","s1p3","s1p4","s1p5","s1p6","s1p7","s1p8","s1p9","s1p10","s1p11","s1p12","s1p13","s1p14","s1p15","s1p16","s1p17","s1p18"]},"anncomplete":true,"sources":[],"metas":{},"entities":[{"classId":"e_1","part":"s1p2","offsets":[{"start":21,"text":"رجال الأمن"}],"coordinates":[],"confidence":{"state":"pre-added","who":["user:AhmedSS"],"prob":1},"fields":{},"normalizations":{}},{"classId":"e_2","part":"s1p2","offsets":[{"start":50,"text":"تفجير"}],"coordinates":[],"confidence":{"state":"pre-added","who":["user:AhmedSS"],"prob":1},"fields":{},"normalizations":{}},{"classId":"e_5","part":"s1p10","offsets":[{"start":0,"text":"خوست"}],"coordinates":[],"confidence":{"state":"pre-added","who":["ml:regex"],"prob":0},"fields":{},"normalizations":{}},{"classId":"e_2","part":"s1p10","offsets":[{"start":24,"text":"انفجرت"}],"coordinates":[],"confidence":{"state":"pre-added","who":["user:AhmedSS"],"prob":1},"fields":{},"normalizations":{}},{"classId":"e_5","part":"s1p10","offsets":[{"start":53,"text":"خوست"}],"coordinates":[],"confidence":{"state":"pre-added","who":["user:AhmedSS"],"prob":1},"fields":{},"normalizations":{}},{"classId":"e_5","part":"s1p10","offsets":[{"start":81,"text":"خوست"}],"coordinates":[],"confidence":{"state":"pre-added","who":["ml:regex"],"prob":0},"fields":{},"normalizations":{}},{"classId":"e_1","part":"s1p10","offsets":[{"start":162,"text":"رجال الأمن"}],"coordinates":[],"confidence":{"state":"pre-added","who":["ml:regex"],"prob":0},"fields":{},"normalizations":{}},{"classId":"e_6","part":"s1p11","offsets":[{"start":59,"text":"قوات الأمن"}],"coordinates":[],"confidence":{"state":"pre-added","who":["user:AhmedSS"],"prob":1},"fields":{},"normalizations":{}},{"classId":"e_2","part":"s1p11","offsets":[{"start":71,"text":"عمليات"}],"coordinates":[],"confidence":{"state":"pre-added","who":["user:AhmedSS"],"prob":1},"fields":{},"normalizations":{}},{"classId":"e_1","part":"s1p11","offsets":[{"start":81,"text":"قرية زانى خيل"}],"coordinates":[],"confidence":{"state":"pre-added","who":["user:AhmedSS"],"prob":1},"fields":{},"normalizations":{}},{"classId":"e_3","part":"s1p11","offsets":[{"start":102,"text":"نادر شاه كوت"}],"coordinates":[],"confidence":{"state":"pre-added","who":["user:AhmedSS"],"prob":1},"fields":{},"normalizations":{}},{"classId":"e_1","part":"s1p12","offsets":[{"start":12,"text":"الانتحاريين"}],"coordinates":[],"confidence":{"state":"pre-added","who":["user:AhmedSS"],"prob":1},"fields":{},"normalizations":{}},{"classId":"e_2","part":"s1p12","offsets":[{"start":24,"text":"قتلوا"}],"coordinates":[],"confidence":{"state":"pre-added","who":["user:AhmedSS"],"prob":1},"fields":{},"normalizations":{}},{"classId":"e_2","part":"s1p12","offsets":[{"start":65,"text":"انفجرت"}],"coordinates":[],"confidence":{"state":"pre-added","who":["ml:regex"],"prob":0},"fields":{},"normalizations":{}},{"classId":"e_1","part":"s1p12","offsets":[{"start":138,"text":"افراد الامن"}],"coordinates":[],"confidence":{"state":"pre-added","who":["user:AhmedSS"],"prob":1},"fields":{},"normalizations":{}}],"relations":[{"classId":"r_7","type":"linked","directed":false,"entities":["s1p11|e_6|59,68","s1p11|e_2|71,76"],"confidence":{"state":"pre-added","who":["user:AhmedSS"],"prob":1}},{"classId":"r_8","type":"linked","directed":false,"entities":["s1p2|e_2|50,54","s1p2|e_1|21,30"],"confidence":{"state":"pre-added","who":["user:AhmedSS"],"prob":1}},{"classId":"r_8","type":"linked","directed":false,"entities":["s1p10|e_2|24,29","s1p10|e_1|162,171"],"confidence":{"state":"pre-added","who":["user:AhmedSS"],"prob":1}},{"classId":"r_8","type":"linked","directed":false,"entities":["s1p11|e_2|71,76","s1p11|e_1|81,93"],"confidence":{"state":"pre-added","who":["user:AhmedSS"],"prob":1}},{"classId":"r_8","type":"linked","directed":false,"entities":["s1p12|e_2|24,28","s1p12|e_1|12,22"],"confidence":{"state":"pre-added","who":["user:AhmedSS"],"prob":1}},{"classId":"r_8","type":"linked","directed":false,"entities":["s1p12|e_1|138,148","s1p12|e_2|65,70"],"confidence":{"state":"pre-added","who":["user:AhmedSS"],"prob":1}}]}