{"annotatable":{"parts":["s1p1","s1p2","s1p3","s1p4","s1p5","s1p6","s1p7","s1p8","s1p9","s1p10","s1p11","s1p12","s1p13","s1p14","s1p15","s1p16","s1p17","s1p18","s1p19"]},"anncomplete":true,"sources":[],"metas":{},"entities":[{"classId":"e_2","part":"s1p2","offsets":[{"start":0,"text":"مقتل"}],"coordinates":[],"confidence":{"state":"pre-added","who":["user:AhmedSS"],"prob":1},"fields":{},"normalizations":{}},{"classId":"e_1","part":"s1p2","offsets":[{"start":8,"text":"مسلحا"}],"coordinates":[],"confidence":{"state":"pre-added","who":["user:AhmedSS"],"prob":1},"fields":{},"normalizations":{}},{"classId":"e_6","part":"s1p2","offsets":[{"start":19,"text":"عمليات أمنية لمكافحة الإرهاب"}],"coordinates":[],"confidence":{"state":"pre-added","who":["user:AhmedSS"],"prob":1},"fields":{},"normalizations":{}},{"classId":"e_2","part":"s1p8","offsets":[{"start":62,"text":"مقتل"}],"coordinates":[],"confidence":{"state":"pre-added","who":["ml:regex","user:AhmedSS"],"prob":1},"fields":{},"normalizations":{}},{"classId":"e_1","part":"s1p8","offsets":[{"start":70,"text":"مسلحا"}],"coordinates":[],"confidence":{"state":"pre-added","who":["ml:regex"],"prob":0},"fields":{},"normalizations":{}},{"classId":"e_2","part":"s1p8","offsets":[{"start":88,"text":"تطهير"}],"coordinates":[],"confidence":{"state":"pre-added","who":["ml:regex"],"prob":0},"fields":{},"normalizations":{}},{"classId":"e_6","part":"s1p8","offsets":[{"start":107,"text":"قوات الأمن الوطني الأفغانية"}],"coordinates":[],"confidence":{"state":"pre-added","who":["user:AhmedSS"],"prob":1},"fields":{},"normalizations":{}},{"classId":"e_6","part":"s1p9","offsets":[{"start":31,"text":"قوات الشرطة الافغانية"}],"coordinates":[],"confidence":{"state":"pre-added","who":["user:AhmedSS"],"prob":1},"fields":{},"normalizations":{}},{"classId":"e_2","part":"s1p9","offsets":[{"start":137,"text":"تطهير"}],"coordinates":[],"confidence":{"state":"pre-added","who":["user:AhmedSS"],"prob":1},"fields":{},"normalizations":{}},{"classId":"e_1","part":"s1p9","offsets":[{"start":158,"text":"الارهابيين"}],"coordinates":[],"confidence":{"state":"pre-added","who":["user:AhmedSS"],"prob":1},"fields":{},"normalizations":{}},{"classId":"e_2","part":"s1p10","offsets":[{"start":38,"text":"مقتل"}],"coordinates":[],"confidence":{"state":"pre-added","who":["ml:regex","user:AhmedSS"],"prob":1},"fields":{},"normalizations":{}},{"classId":"e_1","part":"s1p10","offsets":[{"start":46,"text":"مسلحا"}],"coordinates":[],"confidence":{"state":"pre-added","who":["ml:regex"],"prob":0},"fields":{},"normalizations":{}},{"classId":"e_6","part":"s1p10","offsets":[{"start":104,"text":"قوات الامن الافغانية"}],"coordinates":[],"confidence":{"state":"pre-added","who":["user:AhmedSS"],"prob":1},"fields":{},"normalizations":{}},{"classId":"e_5","part":"s1p11","offsets":[{"start":69,"text":"اوروزجان"}],"coordinates":[],"confidence":{"state":"pre-added","who":["user:AhmedSS"],"prob":1},"fields":{},"normalizations":{}},{"classId":"e_3","part":"s1p12","offsets":[{"start":80,"text":"غيزاب"}],"coordinates":[],"confidence":{"state":"pre-added","who":["user:AhmedSS"],"prob":1},"fields":{},"normalizations":{}}],"relations":[{"classId":"r_7","type":"linked","directed":false,"entities":["s1p2|e_6|19,46","s1p2|e_2|0,3"],"confidence":{"state":"pre-added","who":["user:AhmedSS"],"prob":1}},{"classId":"r_7","type":"linked","directed":false,"entities":["s1p8|e_6|107,133","s1p8|e_2|62,65"],"confidence":{"state":"pre-added","who":["user:AhmedSS"],"prob":1}},{"classId":"r_7","type":"linked","directed":false,"entities":["s1p9|e_2|137,141","s1p9|e_6|31,51"],"confidence":{"state":"pre-added","who":["user:AhmedSS"],"prob":1}},{"classId":"r_7","type":"linked","directed":false,"entities":["s1p10|e_6|104,123","s1p10|e_2|38,41"],"confidence":{"state":"pre-added","who":["user:AhmedSS"],"prob":1}},{"classId":"r_8","type":"linked","directed":false,"entities":["s1p2|e_2|0,3","s1p2|e_1|8,12"],"confidence":{"state":"pre-added","who":["user:AhmedSS"],"prob":1}},{"classId":"r_8","type":"linked","directed":false,"entities":["s1p8|e_2|62,65","s1p8|e_1|70,74"],"confidence":{"state":"pre-added","who":["user:AhmedSS"],"prob":1}},{"classId":"r_8","type":"linked","directed":false,"entities":["s1p9|e_2|137,141","s1p9|e_1|158,167"],"confidence":{"state":"pre-added","who":["user:AhmedSS"],"prob":1}},{"classId":"r_8","type":"linked","directed":false,"entities":["s1p10|e_2|38,41","s1p10|e_1|46,50"],"confidence":{"state":"pre-added","who":["user:AhmedSS"],"prob":1}}]}