{"annotatable":{"parts":["s1p1","s1p2","s1p3","s1p4","s1p5","s1p6","s1p7","s1p8","s1p9","s1p10","s1p11","s1p12","s1p13","s1p14"]},"anncomplete":true,"sources":[],"metas":{},"entities":[{"classId":"e_2","part":"s1p2","offsets":[{"start":11,"text":"هجومًا"}],"coordinates":[],"confidence":{"state":"pre-added","who":["user:AhmedSS"],"prob":1},"fields":{},"normalizations":{}},{"classId":"e_6","part":"s1p2","offsets":[{"start":25,"text":"مسلحين"}],"coordinates":[],"confidence":{"state":"pre-added","who":["user:AhmedSS"],"prob":1},"fields":{},"normalizations":{}}],"relations":[{"classId":"r_7","type":"linked","directed":false,"entities":["s1p2|e_6|25,30","s1p2|e_2|11,16"],"confidence":{"state":"pre-added","who":["user:AhmedSS"],"prob":1}}]}