{"annotatable":{"parts":["s1p1","s1p2","s1p3","s1p4","s1p5","s1p6","s1p7","s1p8","s1p9","s1p10","s1p11","s1p12","s1p13","s1p14","s1p15","s1p16","s1p17","s1p18","s1p19","s1p20","s1p21","s1p22","s1p23","s1p24","s1p25","s1p26","s1p27","s1p28","s1p29","s1p30","s1p31","s1p32","s1p33","s1p34","s1p35","s1p36","s1p37","s1p38","s1p39","s1p40","s1p41","s1p42","s1p43","s1p44","s1p45","s1p46","s1p47","s1p48","s1p49","s1p50","s1p51","s1p52","s1p53","s1p54","s1p55","s1p56","s1p57","s1p58","s1p59","s1p60","s1p61","s1p62","s1p63","s1p64","s1p65","s1p66","s1p67","s1p68","s1p69","s1p70","s1p71","s1p72","s1p73","s1p74","s1p75","s1p76","s1p77","s1p78","s1p79","s1p80","s1p81","s1p82","s1p83","s1p84","s1p85","s1p86","s1p87","s1p88","s1p89","s1p90","s1p91","s1p92","s1p93","s1p94","s1p95","s1p96","s1p97","s1p98","s1p99","s1p100","s1p101","s1p102","s1p103","s1p104","s1p105","s1p106"]},"anncomplete":true,"sources":[],"metas":{},"entities":[],"relations":[]}