{"annotatable":{"parts":["s1p1","s1p2","s1p3","s1p4","s1p5","s1p6","s1p7","s1p8","s1p9","s1p10","s1p11","s1p12","s1p13","s1p14","s1p15","s1p16","s1p17","s1p18"]},"anncomplete":true,"sources":[],"metas":{},"entities":[{"classId":"e_2","part":"s1p2","offsets":[{"start":12,"text":"الانفجارات"}],"coordinates":[],"confidence":{"state":"pre-added","who":["user:org"],"prob":1},"fields":{},"normalizations":{}},{"classId":"e_2","part":"s1p2","offsets":[{"start":28,"text":"أودت بحياة"}],"coordinates":[],"confidence":{"state":"pre-added","who":["user:org"],"prob":1},"fields":{},"normalizations":{}},{"classId":"e_1","part":"s1p2","offsets":[{"start":42,"text":"شخصاً"}],"coordinates":[],"confidence":{"state":"pre-added","who":["user:org"],"prob":1},"fields":{},"normalizations":{}},{"classId":"e_1","part":"s1p2","offsets":[{"start":56,"text":"صحفيين"}],"coordinates":[],"confidence":{"state":"pre-added","who":["user:org"],"prob":1},"fields":{},"normalizations":{}},{"classId":"e_2","part":"s1p8","offsets":[{"start":12,"text":"الانفجارات"}],"coordinates":[],"confidence":{"state":"pre-added","who":["ml:regex","user:org"],"prob":1},"fields":{},"normalizations":{}},{"classId":"e_2","part":"s1p8","offsets":[{"start":28,"text":"أودت بحياة"}],"coordinates":[],"confidence":{"state":"pre-added","who":["ml:regex","user:org"],"prob":1},"fields":{},"normalizations":{}},{"classId":"e_1","part":"s1p8","offsets":[{"start":42,"text":"شخصاً"}],"coordinates":[],"confidence":{"state":"pre-added","who":["ml:regex"],"prob":0},"fields":{},"normalizations":{}},{"classId":"e_1","part":"s1p8","offsets":[{"start":56,"text":"صحفيين"}],"coordinates":[],"confidence":{"state":"pre-added","who":["ml:regex"],"prob":0},"fields":{},"normalizations":{}},{"classId":"e_2","part":"s1p9","offsets":[{"start":26,"text":"الانفجار"}],"coordinates":[],"confidence":{"state":"pre-added","who":["user:org"],"prob":1},"fields":{},"normalizations":{}},{"classId":"e_3","part":"s1p9","offsets":[{"start":91,"text":"شاشداراك"}],"coordinates":[],"confidence":{"state":"pre-added","who":["user:org"],"prob":1},"fields":{},"normalizations":{}},{"classId":"e_2","part":"s1p10","offsets":[{"start":24,"text":"انفجارين"}],"coordinates":[],"confidence":{"state":"pre-added","who":["user:org"],"prob":1},"fields":{},"normalizations":{}},{"classId":"e_2","part":"s1p10","offsets":[{"start":51,"text":"مقتل"}],"coordinates":[],"confidence":{"state":"pre-added","who":["user:org"],"prob":1},"fields":{},"normalizations":{}},{"classId":"e_1","part":"s1p10","offsets":[{"start":72,"text":"صحفيين"}],"coordinates":[],"confidence":{"state":"pre-added","who":["ml:regex"],"prob":0},"fields":{},"normalizations":{}},{"classId":"e_2","part":"s1p10","offsets":[{"start":81,"text":"إصابة"}],"coordinates":[],"confidence":{"state":"pre-added","who":["user:org"],"prob":1},"fields":{},"normalizations":{}},{"classId":"e_1","part":"s1p10","offsets":[{"start":90,"text":"آخرين"}],"coordinates":[],"confidence":{"state":"pre-added","who":["user:org"],"prob":1},"fields":{},"normalizations":{}},{"classId":"e_2","part":"s1p10","offsets":[{"start":144,"text":"الانفجار"}],"coordinates":[],"confidence":{"state":"pre-added","who":["ml:regex"],"prob":0},"fields":{},"normalizations":{}}],"relations":[{"classId":"r_8","type":"linked","directed":false,"entities":["s1p2|e_2|12,21","s1p2|e_1|42,46"],"confidence":{"state":"pre-added","who":["user:org"],"prob":1}},{"classId":"r_8","type":"linked","directed":false,"entities":["s1p2|e_2|12,21","s1p2|e_1|56,61"],"confidence":{"state":"pre-added","who":["user:org"],"prob":1}},{"classId":"r_8","type":"linked","directed":false,"entities":["s1p2|e_2|28,37","s1p2|e_1|42,46"],"confidence":{"state":"pre-added","who":["user:org"],"prob":1}},{"classId":"r_8","type":"linked","directed":false,"entities":["s1p2|e_2|28,37","s1p2|e_1|56,61"],"confidence":{"state":"pre-added","who":["user:org"],"prob":1}},{"classId":"r_8","type":"linked","directed":false,"entities":["s1p8|e_2|12,21","s1p8|e_1|42,46"],"confidence":{"state":"pre-added","who":["user:org"],"prob":1}},{"classId":"r_8","type":"linked","directed":false,"entities":["s1p8|e_2|12,21","s1p8|e_1|56,61"],"confidence":{"state":"pre-added","who":["user:org"],"prob":1}},{"classId":"r_8","type":"linked","directed":false,"entities":["s1p8|e_2|28,37","s1p8|e_1|42,46"],"confidence":{"state":"pre-added","who":["user:org"],"prob":1}},{"classId":"r_8","type":"linked","directed":false,"entities":["s1p8|e_2|28,37","s1p8|e_1|56,61"],"confidence":{"state":"pre-added","who":["user:org"],"prob":1}},{"classId":"r_8","type":"linked","directed":false,"entities":["s1p10|e_2|24,31","s1p10|e_1|72,77"],"confidence":{"state":"pre-added","who":["user:org"],"prob":1}},{"classId":"r_8","type":"linked","directed":false,"entities":["s1p10|e_2|24,31","s1p10|e_1|90,94"],"confidence":{"state":"pre-added","who":["user:org"],"prob":1}},{"classId":"r_8","type":"linked","directed":false,"entities":["s1p10|e_2|51,54","s1p10|e_1|72,77"],"confidence":{"state":"pre-added","who":["user:org"],"prob":1}},{"classId":"r_8","type":"linked","directed":false,"entities":["s1p10|e_2|81,85","s1p10|e_1|90,94"],"confidence":{"state":"pre-added","who":["user:org"],"prob":1}}]}