{"annotatable":{"parts":["s1p1","s1p2","s1p3","s1p4","s1p5","s1p6","s1p7","s1p8","s1p9","s1p10","s1p11","s1p12","s1p13","s1p14","s1p15","s1p16"]},"anncomplete":true,"sources":[],"metas":{},"entities":[{"classId":"e_6","part":"s1p2","offsets":[{"start":8,"text":"طالبان"}],"coordinates":[],"confidence":{"state":"pre-added","who":["user:org"],"prob":1},"fields":{},"normalizations":{}},{"classId":"e_2","part":"s1p2","offsets":[{"start":21,"text":"إسقاط"}],"coordinates":[],"confidence":{"state":"pre-added","who":["user:org"],"prob":1},"fields":{},"normalizations":{}},{"classId":"e_1","part":"s1p2","offsets":[{"start":27,"text":"طائرة أميركية"}],"coordinates":[],"confidence":{"state":"pre-added","who":["user:org"],"prob":1},"fields":{},"normalizations":{}},{"classId":"e_6","part":"s1p8","offsets":[{"start":24,"text":"طالبان"}],"coordinates":[],"confidence":{"state":"pre-added","who":["ml:regex","user:org"],"prob":1},"fields":{},"normalizations":{}},{"classId":"e_2","part":"s1p8","offsets":[{"start":60,"text":"إسقاط"}],"coordinates":[],"confidence":{"state":"pre-added","who":["ml:regex","user:org"],"prob":1},"fields":{},"normalizations":{}},{"classId":"e_1","part":"s1p8","offsets":[{"start":66,"text":"طائرة نقل عسكرية أميركية"}],"coordinates":[],"confidence":{"state":"pre-added","who":["user:org"],"prob":1},"fields":{},"normalizations":{}},{"classId":"e_6","part":"s1p8","offsets":[{"start":149,"text":"طالبان"}],"coordinates":[],"confidence":{"state":"pre-added","who":["ml:regex","user:org"],"prob":1},"fields":{},"normalizations":{}},{"classId":"e_2","part":"s1p8","offsets":[{"start":184,"text":"إسقاط"}],"coordinates":[],"confidence":{"state":"pre-added","who":["ml:regex","user:org"],"prob":1},"fields":{},"normalizations":{}},{"classId":"e_1","part":"s1p8","offsets":[{"start":190,"text":"الطائرة"}],"coordinates":[],"confidence":{"state":"pre-added","who":["user:org"],"prob":1},"fields":{},"normalizations":{}},{"classId":"e_2","part":"s1p8","offsets":[{"start":212,"text":"تحطم"}],"coordinates":[],"confidence":{"state":"pre-added","who":["ml:regex"],"prob":0},"fields":{},"normalizations":{}},{"classId":"e_2","part":"s1p8","offsets":[{"start":227,"text":"مقتل"}],"coordinates":[],"confidence":{"state":"pre-added","who":["user:org"],"prob":1},"fields":{},"normalizations":{}},{"classId":"e_1","part":"s1p8","offsets":[{"start":238,"text":"القوات الأجنبية"}],"coordinates":[],"confidence":{"state":"pre-added","who":["user:org"],"prob":1},"fields":{},"normalizations":{}},{"classId":"e_1","part":"s1p8","offsets":[{"start":324,"text":"أشخاص"}],"coordinates":[],"confidence":{"state":"pre-added","who":["user:org"],"prob":1},"fields":{},"normalizations":{}},{"classId":"e_2","part":"s1p8","offsets":[{"start":330,"text":"لقوا مصرعهم"}],"coordinates":[],"confidence":{"state":"pre-added","who":["user:org"],"prob":1},"fields":{},"normalizations":{}},{"classId":"e_2","part":"s1p8","offsets":[{"start":346,"text":"تحطم"}],"coordinates":[],"confidence":{"state":"pre-added","who":["user:org"],"prob":1},"fields":{},"normalizations":{}},{"classId":"e_1","part":"s1p8","offsets":[{"start":351,"text":"طائرة نقل عسكرية أميركية"}],"coordinates":[],"confidence":{"state":"pre-added","who":["ml:regex"],"prob":0},"fields":{},"normalizations":{}},{"classId":"e_2","part":"s1p9","offsets":[{"start":47,"text":"قتل"}],"coordinates":[],"confidence":{"state":"pre-added","who":["user:org"],"prob":1},"fields":{},"normalizations":{}},{"classId":"e_1","part":"s1p9","offsets":[{"start":57,"text":"عسكريين"}],"coordinates":[],"confidence":{"state":"pre-added","who":["user:org"],"prob":1},"fields":{},"normalizations":{}},{"classId":"e_1","part":"s1p9","offsets":[{"start":79,"text":"الطائرة"}],"coordinates":[],"confidence":{"state":"pre-added","who":["ml:regex"],"prob":0},"fields":{},"normalizations":{}},{"classId":"e_1","part":"s1p9","offsets":[{"start":111,"text":"مدنيون"}],"coordinates":[],"confidence":{"state":"pre-added","who":["user:org"],"prob":1},"fields":{},"normalizations":{}},{"classId":"e_2","part":"s1p10","offsets":[{"start":53,"text":"تحطم"}],"coordinates":[],"confidence":{"state":"pre-added","who":["ml:regex","user:org"],"prob":1},"fields":{},"normalizations":{}},{"classId":"e_1","part":"s1p10","offsets":[{"start":58,"text":"الطائرة"}],"coordinates":[],"confidence":{"state":"pre-added","who":["ml:regex"],"prob":0},"fields":{},"normalizations":{}}],"relations":[{"classId":"r_7","type":"linked","directed":false,"entities":["s1p2|e_6|8,13","s1p2|e_2|21,25"],"confidence":{"state":"pre-added","who":["user:org"],"prob":1}},{"classId":"r_7","type":"linked","directed":false,"entities":["s1p8|e_6|24,29","s1p8|e_2|60,64"],"confidence":{"state":"pre-added","who":["user:org"],"prob":1}},{"classId":"r_7","type":"linked","directed":false,"entities":["s1p8|e_6|149,154","s1p8|e_2|184,188"],"confidence":{"state":"pre-added","who":["user:org"],"prob":1}},{"classId":"r_8","type":"linked","directed":false,"entities":["s1p2|e_2|21,25","s1p2|e_1|27,39"],"confidence":{"state":"pre-added","who":["user:org"],"prob":1}},{"classId":"r_8","type":"linked","directed":false,"entities":["s1p8|e_2|60,64","s1p8|e_1|66,89"],"confidence":{"state":"pre-added","who":["user:org"],"prob":1}},{"classId":"r_8","type":"linked","directed":false,"entities":["s1p8|e_2|184,188","s1p8|e_1|190,196"],"confidence":{"state":"pre-added","who":["user:org"],"prob":1}},{"classId":"r_8","type":"linked","directed":false,"entities":["s1p8|e_2|227,230","s1p8|e_1|238,252"],"confidence":{"state":"pre-added","who":["user:org"],"prob":1}},{"classId":"r_8","type":"linked","directed":false,"entities":["s1p8|e_2|330,340","s1p8|e_1|324,328"],"confidence":{"state":"pre-added","who":["user:org"],"prob":1}},{"classId":"r_8","type":"linked","directed":false,"entities":["s1p8|e_2|346,349","s1p8|e_1|351,374"],"confidence":{"state":"pre-added","who":["user:org"],"prob":1}},{"classId":"r_8","type":"linked","directed":false,"entities":["s1p9|e_2|47,49","s1p9|e_1|57,63"],"confidence":{"state":"pre-added","who":["user:org"],"prob":1}},{"classId":"r_8","type":"linked","directed":false,"entities":["s1p9|e_2|47,49","s1p9|e_1|111,116"],"confidence":{"state":"pre-added","who":["user:org"],"prob":1}},{"classId":"r_8","type":"linked","directed":false,"entities":["s1p10|e_2|53,56","s1p10|e_1|58,64"],"confidence":{"state":"pre-added","who":["user:org"],"prob":1}}]}