{"annotatable":{"parts":["s1p1","s1p2","s1p3","s1p4","s1p5","s1p6","s1p7","s1p8","s1p9","s1p10","s1p11","s1p12","s1p13","s1p14","s1p15","s1p16","s1p17","s1p18","s1p19"]},"anncomplete":true,"sources":[],"metas":{},"entities":[{"classId":"e_1","part":"s1p13","offsets":[{"start":205,"text":"مدنيين"}],"coordinates":[],"confidence":{"state":"pre-added","who":["user:org"],"prob":1},"fields":{},"normalizations":{}},{"classId":"e_1","part":"s1p13","offsets":[{"start":227,"text":"الشرطة"}],"coordinates":[],"confidence":{"state":"pre-added","who":["user:org"],"prob":1},"fields":{},"normalizations":{}},{"classId":"e_2","part":"s1p13","offsets":[{"start":234,"text":"لقوا حتفهم"}],"coordinates":[],"confidence":{"state":"pre-added","who":["user:org"],"prob":1},"fields":{},"normalizations":{}},{"classId":"e_2","part":"s1p13","offsets":[{"start":251,"text":"اقتحم"}],"coordinates":[],"confidence":{"state":"pre-added","who":["user:org"],"prob":1},"fields":{},"normalizations":{}},{"classId":"e_6","part":"s1p13","offsets":[{"start":257,"text":"انتحاريان"}],"coordinates":[],"confidence":{"state":"pre-added","who":["user:org"],"prob":1},"fields":{},"normalizations":{}},{"classId":"e_1","part":"s1p13","offsets":[{"start":267,"text":"مكتب الشؤون الدينية والحج"}],"coordinates":[],"confidence":{"state":"pre-added","who":["user:org"],"prob":1},"fields":{},"normalizations":{}},{"classId":"e_3","part":"s1p13","offsets":[{"start":300,"text":"لاشكار"}],"coordinates":[],"confidence":{"state":"pre-added","who":["user:org"],"prob":1},"fields":{},"normalizations":{}}],"relations":[{"classId":"r_7","type":"linked","directed":false,"entities":["s1p13|e_6|257,265","s1p13|e_2|234,243"],"confidence":{"state":"pre-added","who":["user:org"],"prob":1}},{"classId":"r_7","type":"linked","directed":false,"entities":["s1p13|e_6|257,265","s1p13|e_2|251,255"],"confidence":{"state":"pre-added","who":["user:org"],"prob":1}},{"classId":"r_8","type":"linked","directed":false,"entities":["s1p13|e_2|234,243","s1p13|e_1|227,232"],"confidence":{"state":"pre-added","who":["user:org"],"prob":1}},{"classId":"r_8","type":"linked","directed":false,"entities":["s1p13|e_2|234,243","s1p13|e_1|205,210"],"confidence":{"state":"pre-added","who":["user:org"],"prob":1}},{"classId":"r_8","type":"linked","directed":false,"entities":["s1p13|e_2|251,255","s1p13|e_1|267,291"],"confidence":{"state":"pre-added","who":["user:org"],"prob":1}}]}