{"annotatable":{"parts":["s1p1","s1p2","s1p3","s1p4","s1p5","s1p6","s1p7","s1p8","s1p9","s1p10","s1p11","s1p12","s1p13","s1p14","s1p15","s1p16","s1p17","s1p18","s1p19","s1p20","s1p21"]},"anncomplete":true,"sources":[],"metas":{},"entities":[{"classId":"e_2","part":"s1p2","offsets":[{"start":0,"text":"مقتل"}],"coordinates":[],"confidence":{"state":"pre-added","who":["user:org"],"prob":1},"fields":{},"normalizations":{}},{"classId":"e_1","part":"s1p2","offsets":[{"start":8,"text":"شرطيًا أفغانيًا"}],"coordinates":[],"confidence":{"state":"pre-added","who":["user:org"],"prob":1},"fields":{},"normalizations":{}},{"classId":"e_2","part":"s1p2","offsets":[{"start":27,"text":"هجوم"}],"coordinates":[],"confidence":{"state":"pre-added","who":["user:org"],"prob":1},"fields":{},"normalizations":{}},{"classId":"e_6","part":"s1p2","offsets":[{"start":37,"text":"طالبان"}],"coordinates":[],"confidence":{"state":"pre-added","who":["user:org"],"prob":1},"fields":{},"normalizations":{}},{"classId":"e_5","part":"s1p9","offsets":[{"start":23,"text":"زابل"}],"coordinates":[],"confidence":{"state":"pre-added","who":["user:org"],"prob":1},"fields":{},"normalizations":{}},{"classId":"e_1","part":"s1p11","offsets":[{"start":7,"text":"شرطيًّا"}],"coordinates":[],"confidence":{"state":"pre-added","who":["user:org"],"prob":1},"fields":{},"normalizations":{}},{"classId":"e_2","part":"s1p11","offsets":[{"start":25,"text":"مصرع"}],"coordinates":[],"confidence":{"state":"pre-added","who":["user:org"],"prob":1},"fields":{},"normalizations":{}},{"classId":"e_2","part":"s1p11","offsets":[{"start":35,"text":"هجمات"}],"coordinates":[],"confidence":{"state":"pre-added","who":["user:org"],"prob":1},"fields":{},"normalizations":{}},{"classId":"e_6","part":"s1p11","offsets":[{"start":59,"text":"طالبان"}],"coordinates":[],"confidence":{"state":"pre-added","who":["ml:regex","user:org"],"prob":1},"fields":{},"normalizations":{}},{"classId":"e_4","part":"s1p12","offsets":[{"start":5,"text":"حاكم زابل"}],"coordinates":[],"confidence":{"state":"pre-added","who":["user:org"],"prob":1},"fields":{},"normalizations":{}},{"classId":"e_2","part":"s1p13","offsets":[{"start":25,"text":"هجمات"}],"coordinates":[],"confidence":{"state":"pre-added","who":["ml:regex"],"prob":0},"fields":{},"normalizations":{}},{"classId":"e_6","part":"s1p13","offsets":[{"start":37,"text":"الحركة"}],"coordinates":[],"confidence":{"state":"pre-added","who":["user:org"],"prob":1},"fields":{},"normalizations":{}},{"classId":"e_2","part":"s1p13","offsets":[{"start":44,"text":"استهدفت"}],"coordinates":[],"confidence":{"state":"pre-added","who":["user:org"],"prob":1},"fields":{},"normalizations":{}},{"classId":"e_1","part":"s1p13","offsets":[{"start":60,"text":"شرطة"}],"coordinates":[],"confidence":{"state":"pre-added","who":["user:org"],"prob":1},"fields":{},"normalizations":{}},{"classId":"e_3","part":"s1p13","offsets":[{"start":74,"text":"شاه جوي"}],"coordinates":[],"confidence":{"state":"pre-added","who":["user:org"],"prob":1},"fields":{},"normalizations":{}},{"classId":"e_5","part":"s1p13","offsets":[{"start":89,"text":"زابل"}],"coordinates":[],"confidence":{"state":"pre-added","who":["ml:regex"],"prob":0},"fields":{},"normalizations":{}}],"relations":[{"classId":"r_7","type":"linked","directed":false,"entities":["s1p11|e_6|59,64","s1p11|e_2|35,39"],"confidence":{"state":"pre-added","who":["user:org"],"prob":1}},{"classId":"r_7","type":"linked","directed":false,"entities":["s1p13|e_6|37,42","s1p13|e_2|44,50"],"confidence":{"state":"pre-added","who":["user:org"],"prob":1}},{"classId":"r_7","type":"linked","directed":false,"entities":["s1p13|e_6|37,42","s1p13|e_2|25,29"],"confidence":{"state":"pre-added","who":["user:org"],"prob":1}},{"classId":"r_8","type":"linked","directed":false,"entities":["s1p11|e_2|25,28","s1p11|e_1|7,13"],"confidence":{"state":"pre-added","who":["user:org"],"prob":1}},{"classId":"r_8","type":"linked","directed":false,"entities":["s1p13|e_2|44,50","s1p13|e_1|60,63"],"confidence":{"state":"pre-added","who":["user:org"],"prob":1}}]}