{"annotatable":{"parts":["s1p1","s1p2","s1p3","s1p4","s1p5","s1p6","s1p7","s1p8","s1p9","s1p10","s1p11","s1p12","s1p13","s1p14","s1p15","s1p16","s1p17","s1p18","s1p19","s1p20","s1p21","s1p22","s1p23","s1p24","s1p25","s1p26","s1p27","s1p28"]},"anncomplete":true,"sources":[],"metas":{},"entities":[{"classId":"e_1","part":"s1p10","offsets":[{"start":145,"text":"الملا عمر"}],"coordinates":[],"confidence":{"state":"pre-added","who":["user:org"],"prob":1},"fields":{},"normalizations":{}},{"classId":"e_2","part":"s1p10","offsets":[{"start":184,"text":"توفي"}],"coordinates":[],"confidence":{"state":"pre-added","who":["user:org"],"prob":1},"fields":{},"normalizations":{}},{"classId":"e_1","part":"s1p15","offsets":[{"start":73,"text":"الملا عمر"}],"coordinates":[],"confidence":{"state":"pre-added","who":["ml:regex"],"prob":0},"fields":{},"normalizations":{}},{"classId":"e_2","part":"s1p15","offsets":[{"start":165,"text":"وفاة"}],"coordinates":[],"confidence":{"state":"pre-added","who":["user:org"],"prob":1},"fields":{},"normalizations":{}},{"classId":"e_1","part":"s1p15","offsets":[{"start":170,"text":"الملا عمر"}],"coordinates":[],"confidence":{"state":"pre-added","who":["ml:regex"],"prob":0},"fields":{},"normalizations":{}}],"relations":[{"classId":"r_8","type":"linked","directed":false,"entities":["s1p10|e_2|184,187","s1p10|e_1|145,153"],"confidence":{"state":"pre-added","who":["user:org"],"prob":1}},{"classId":"r_8","type":"linked","directed":false,"entities":["s1p15|e_2|165,168","s1p15|e_1|170,178"],"confidence":{"state":"pre-added","who":["user:org"],"prob":1}}]}