{"annotatable":{"parts":["s1p1","s1p2","s1p3","s1p4","s1p5","s1p6","s1p7","s1p8","s1p9","s1p10","s1p11","s1p12","s1p13","s1p14","s1p15","s1p16","s1p17","s1p18","s1p19","s1p20","s1p21","s1p22","s1p23","s1p24","s1p25","s1p26","s1p27","s1p28","s1p29","s1p30","s1p31","s1p32","s1p33","s1p34","s1p35","s1p36","s1p37","s1p38","s1p39"]},"anncomplete":true,"sources":[],"metas":{},"entities":[{"classId":"e_6","part":"s1p2","offsets":[{"start":0,"text":"الجنود الأفغان"}],"coordinates":[],"confidence":{"state":"pre-added","who":["ml:regex","user:org"],"prob":1},"fields":{},"normalizations":{}},{"classId":"e_2","part":"s1p2","offsets":[{"start":28,"text":"قتل"}],"coordinates":[],"confidence":{"state":"pre-added","who":["ml:regex","user:org"],"prob":1},"fields":{},"normalizations":{}},{"classId":"e_1","part":"s1p2","offsets":[{"start":32,"text":"قوات التحالف"}],"coordinates":[],"confidence":{"state":"pre-added","who":["ml:regex"],"prob":0},"fields":{},"normalizations":{}},{"classId":"e_1","part":"s1p8","offsets":[{"start":7,"text":"القوات الأميركية"}],"coordinates":[],"confidence":{"state":"pre-added","who":["user:org"],"prob":1},"fields":{},"normalizations":{}},{"classId":"e_1","part":"s1p8","offsets":[{"start":34,"text":"قوات التحالف"}],"coordinates":[],"confidence":{"state":"pre-added","who":["user:org"],"prob":1},"fields":{},"normalizations":{}},{"classId":"e_2","part":"s1p8","offsets":[{"start":54,"text":"قتل"}],"coordinates":[],"confidence":{"state":"pre-added","who":["user:org"],"prob":1},"fields":{},"normalizations":{}},{"classId":"e_6","part":"s1p8","offsets":[{"start":73,"text":"الجنود الأفغان"}],"coordinates":[],"confidence":{"state":"pre-added","who":["user:org"],"prob":1},"fields":{},"normalizations":{}}],"relations":[{"classId":"r_7","type":"linked","directed":false,"entities":["s1p2|e_6|0,13","s1p2|e_2|28,30"],"confidence":{"state":"pre-added","who":["user:org"],"prob":1}},{"classId":"r_7","type":"linked","directed":false,"entities":["s1p8|e_6|73,86","s1p8|e_2|54,56"],"confidence":{"state":"pre-added","who":["user:org"],"prob":1}},{"classId":"r_8","type":"linked","directed":false,"entities":["s1p2|e_2|28,30","s1p2|e_1|32,43"],"confidence":{"state":"pre-added","who":["user:org"],"prob":1}},{"classId":"r_8","type":"linked","directed":false,"entities":["s1p8|e_2|54,56","s1p8|e_1|34,45"],"confidence":{"state":"pre-added","who":["user:org"],"prob":1}},{"classId":"r_8","type":"linked","directed":false,"entities":["s1p8|e_2|54,56","s1p8|e_1|7,22"],"confidence":{"state":"pre-added","who":["user:org"],"prob":1}}]}