{"annotatable":{"parts":["s1p1","s1p2","s1p3","s1p4","s1p5","s1p6","s1p7","s1p8","s1p9","s1p10","s1p11","s1p12","s1p13","s1p14","s1p15"]},"anncomplete":true,"sources":[],"metas":{},"entities":[{"classId":"e_2","part":"s1p2","offsets":[{"start":0,"text":"مقتل"}],"coordinates":[],"confidence":{"state":"pre-added","who":["user:org"],"prob":1},"fields":{},"normalizations":{}},{"classId":"e_1","part":"s1p2","offsets":[{"start":7,"text":"مسلحين"}],"coordinates":[],"confidence":{"state":"pre-added","who":["user:org"],"prob":1},"fields":{},"normalizations":{}},{"classId":"e_6","part":"s1p8","offsets":[{"start":31,"text":"وكالة الاستخبارات الأفغانية"}],"coordinates":[],"confidence":{"state":"pre-added","who":["user:org"],"prob":1},"fields":{},"normalizations":{}},{"classId":"e_2","part":"s1p8","offsets":[{"start":73,"text":"تصفية"}],"coordinates":[],"confidence":{"state":"pre-added","who":["user:org"],"prob":1},"fields":{},"normalizations":{}},{"classId":"e_1","part":"s1p8","offsets":[{"start":86,"text":"مسلحين"}],"coordinates":[],"confidence":{"state":"pre-added","who":["ml:regex"],"prob":0},"fields":{},"normalizations":{}},{"classId":"e_1","part":"s1p8","offsets":[{"start":108,"text":"القاعدة"}],"coordinates":[],"confidence":{"state":"pre-added","who":["user:org"],"prob":1},"fields":{},"normalizations":{}},{"classId":"e_6","part":"s1p8","offsets":[{"start":269,"text":"حلف شمال الأطلسي"}],"coordinates":[],"confidence":{"state":"pre-added","who":["user:org"],"prob":1},"fields":{},"normalizations":{}},{"classId":"e_6","part":"s1p8","offsets":[{"start":287,"text":"ناتو"}],"coordinates":[],"confidence":{"state":"pre-added","who":["user:org"],"prob":1},"fields":{},"normalizations":{}},{"classId":"e_5","part":"s1p8","offsets":[{"start":303,"text":"باكتيكا"}],"coordinates":[],"confidence":{"state":"pre-added","who":["user:org"],"prob":1},"fields":{},"normalizations":{}},{"classId":"e_2","part":"s1p8","offsets":[{"start":359,"text":"مقتل"}],"coordinates":[],"confidence":{"state":"pre-added","who":["ml:regex","user:org"],"prob":1},"fields":{},"normalizations":{}},{"classId":"e_1","part":"s1p8","offsets":[{"start":366,"text":"مسلحين"}],"coordinates":[],"confidence":{"state":"pre-added","who":["ml:regex","user:org"],"prob":1},"fields":{},"normalizations":{}},{"classId":"e_2","part":"s1p8","offsets":[{"start":383,"text":"مصادرة"}],"coordinates":[],"confidence":{"state":"pre-added","who":["user:org"],"prob":1},"fields":{},"normalizations":{}},{"classId":"e_1","part":"s1p8","offsets":[{"start":396,"text":"الأسلحة"}],"coordinates":[],"confidence":{"state":"pre-added","who":["user:org"],"prob":1},"fields":{},"normalizations":{}},{"classId":"e_1","part":"s1p8","offsets":[{"start":419,"text":"القذاف"}],"coordinates":[],"confidence":{"state":"pre-added","who":["user:org"],"prob":1},"fields":{},"normalizations":{}},{"classId":"e_1","part":"s1p8","offsets":[{"start":427,"text":"الذخيرة"}],"coordinates":[],"confidence":{"state":"pre-added","who":["user:org"],"prob":1},"fields":{},"normalizations":{}}],"relations":[{"classId":"r_7","type":"linked","directed":false,"entities":["s1p8|e_6|31,57","s1p8|e_2|73,77"],"confidence":{"state":"pre-added","who":["user:org"],"prob":1}},{"classId":"r_7","type":"linked","directed":false,"entities":["s1p8|e_6|269,284","s1p8|e_2|359,362"],"confidence":{"state":"pre-added","who":["user:org"],"prob":1}},{"classId":"r_7","type":"linked","directed":false,"entities":["s1p8|e_6|269,284","s1p8|e_2|383,388"],"confidence":{"state":"pre-added","who":["user:org"],"prob":1}},{"classId":"r_7","type":"linked","directed":false,"entities":["s1p8|e_6|287,290","s1p8|e_2|383,388"],"confidence":{"state":"pre-added","who":["user:org"],"prob":1}},{"classId":"r_7","type":"linked","directed":false,"entities":["s1p8|e_6|287,290","s1p8|e_2|359,362"],"confidence":{"state":"pre-added","who":["user:org"],"prob":1}},{"classId":"r_8","type":"linked","directed":false,"entities":["s1p2|e_2|0,3","s1p2|e_1|7,12"],"confidence":{"state":"pre-added","who":["user:org"],"prob":1}},{"classId":"r_8","type":"linked","directed":false,"entities":["s1p8|e_2|73,77","s1p8|e_1|86,91"],"confidence":{"state":"pre-added","who":["user:org"],"prob":1}},{"classId":"r_8","type":"linked","directed":false,"entities":["s1p8|e_2|73,77","s1p8|e_1|108,114"],"confidence":{"state":"pre-added","who":["user:org"],"prob":1}},{"classId":"r_8","type":"linked","directed":false,"entities":["s1p8|e_2|359,362","s1p8|e_1|366,371"],"confidence":{"state":"pre-added","who":["user:org"],"prob":1}},{"classId":"r_8","type":"linked","directed":false,"entities":["s1p8|e_2|383,388","s1p8|e_1|396,402"],"confidence":{"state":"pre-added","who":["user:org"],"prob":1}},{"classId":"r_8","type":"linked","directed":false,"entities":["s1p8|e_2|383,388","s1p8|e_1|419,424"],"confidence":{"state":"pre-added","who":["user:org"],"prob":1}},{"classId":"r_8","type":"linked","directed":false,"entities":["s1p8|e_2|383,388","s1p8|e_1|427,433"],"confidence":{"state":"pre-added","who":["user:org"],"prob":1}}]}